index,и,ы,е,э,ä,а,у,у_1,о,ъ,ь,ṷ,ў,п,п’,б,б’,ф,ф’,в,в’,м,м’,т,т’,д,д’,с,с’,з,з’,н,н’,л,л’,ц,дз,ш,ш’,ж,ж’,ч’,дж’,р,р’,j,к,к’,г,г’,х,х’,ɣ,ŋ
и,0.0,0.125,0.125,0.25,0.25,0.375,0.25,0.125,0.375,0.375,0.25,0.8636363636363636,0.9090909090909091,1.0,0.9615384615384616,1.0,0.9615384615384616,1.0,0.9583333333333334,1.0,0.96,0.9583333333333334,0.9166666666666666,1.0,0.9615384615384616,1.0,0.9615384615384616,1.0,0.9583333333333334,1.0,0.9583333333333334,0.9583333333333334,0.9166666666666666,0.9,0.85,1.0,1.0,1.0,0.9583333333333334,1.0,0.9583333333333334,0.9615384615384616,0.9615384615384616,0.9166666666666666,0.875,0.9090909090909091,1.0,0.9615384615384616,1.0,0.9615384615384616,1.0,0.9583333333333334,1.0,0.9583333333333334
ы,0.125,0.0,0.25,0.125,0.375,0.25,0.125,0.25,0.25,0.25,0.375,0.9090909090909091,0.8636363636363636,0.9615384615384616,1.0,0.9615384615384616,1.0,0.9583333333333334,1.0,0.96,1.0,0.9166666666666666,0.9583333333333334,0.9615384615384616,1.0,0.9615384615384616,1.0,0.9583333333333334,1.0,0.9583333333333334,1.0,0.9166666666666666,0.9583333333333334,0.85,0.9,0.9615384615384616,0.9615384615384616,0.9583333333333334,1.0,0.9583333333333334,1.0,1.0,1.0,0.875,0.9166666666666666,0.9545454545454546,0.9615384615384616,1.0,0.9615384615384616,1.0,0.9583333333333334,1.0,0.9583333333333334,0.9166666666666666
е,0.125,0.25,0.0,0.125,0.125,0.25,0.375,0.25,0.25,0.25,0.125,0.8636363636363636,0.9090909090909091,1.0,0.9615384615384616,1.0,0.9615384615384616,1.0,0.9583333333333334,1.0,0.96,0.9583333333333334,0.9166666666666666,1.0,0.9615384615384616,1.0,0.9615384615384616,1.0,0.9583333333333334,1.0,0.9583333333333334,0.9583333333333334,0.9166666666666666,0.9,0.85,1.0,1.0,1.0,0.9583333333333334,1.0,0.9583333333333334,0.9615384615384616,0.9615384615384616,0.9166666666666666,0.875,0.9090909090909091,1.0,0.9615384615384616,1.0,0.9615384615384616,1.0,0.9583333333333334,1.0,0.9583333333333334
э,0.25,0.125,0.125,0.0,0.25,0.125,0.25,0.375,0.125,0.125,0.25,0.9090909090909091,0.8636363636363636,0.9615384615384616,1.0,0.9615384615384616,1.0,0.9583333333333334,1.0,0.96,1.0,0.9166666666666666,0.9583333333333334,0.9615384615384616,1.0,0.9615384615384616,1.0,0.9583333333333334,1.0,0.9583333333333334,1.0,0.9166666666666666,0.9583333333333334,0.85,0.9,0.9615384615384616,0.9615384615384616,0.9583333333333334,1.0,0.9583333333333334,1.0,1.0,1.0,0.875,0.9166666666666666,0.9545454545454546,0.9615384615384616,1.0,0.9615384615384616,1.0,0.9583333333333334,1.0,0.9583333333333334,0.9166666666666666
ä,0.25,0.375,0.125,0.25,0.0,0.125,0.5,0.375,0.375,0.375,0.25,0.8636363636363636,0.9090909090909091,1.0,0.9615384615384616,1.0,0.9615384615384616,1.0,0.9583333333333334,1.0,0.96,0.9583333333333334,0.9166666666666666,1.0,0.9615384615384616,1.0,0.9615384615384616,1.0,0.9583333333333334,1.0,0.9583333333333334,0.9583333333333334,0.9166666666666666,0.9,0.85,1.0,1.0,1.0,0.9583333333333334,1.0,0.9583333333333334,0.9615384615384616,0.9615384615384616,0.9166666666666666,0.875,0.9090909090909091,1.0,0.9615384615384616,1.0,0.9615384615384616,1.0,0.9583333333333334,1.0,0.9583333333333334
а,0.375,0.25,0.25,0.125,0.125,0.0,0.375,0.5,0.25,0.25,0.375,0.9090909090909091,0.8636363636363636,0.9615384615384616,1.0,0.9615384615384616,1.0,0.9583333333333334,1.0,0.96,1.0,0.9166666666666666,0.9583333333333334,0.9615384615384616,1.0,0.9615384615384616,1.0,0.9583333333333334,1.0,0.9583333333333334,1.0,0.9166666666666666,0.9583333333333334,0.85,0.9,0.9615384615384616,0.9615384615384616,0.9583333333333334,1.0,0.9583333333333334,1.0,1.0,1.0,0.875,0.9166666666666666,0.9545454545454546,0.9615384615384616,1.0,0.9615384615384616,1.0,0.9583333333333334,1.0,0.9583333333333334,0.9166666666666666
у,0.25,0.125,0.375,0.25,0.5,0.375,0.0,0.125,0.125,0.375,0.5,0.9090909090909091,0.8636363636363636,0.9615384615384616,1.0,0.9615384615384616,1.0,0.9583333333333334,1.0,0.96,1.0,0.9166666666666666,0.9583333333333334,0.9615384615384616,1.0,0.9615384615384616,1.0,0.9583333333333334,1.0,0.9583333333333334,1.0,0.9166666666666666,0.9583333333333334,0.85,0.9,0.9615384615384616,0.9615384615384616,0.9583333333333334,1.0,0.9583333333333334,1.0,1.0,1.0,0.875,0.9166666666666666,0.9545454545454546,0.9615384615384616,1.0,0.9615384615384616,1.0,0.9583333333333334,1.0,0.9583333333333334,0.9166666666666666
у_1,0.125,0.25,0.25,0.375,0.375,0.5,0.125,0.0,0.25,0.5,0.375,0.8636363636363636,0.9090909090909091,1.0,0.9615384615384616,1.0,0.9615384615384616,1.0,0.9583333333333334,1.0,0.96,0.9583333333333334,0.9166666666666666,1.0,0.9615384615384616,1.0,0.9615384615384616,1.0,0.9583333333333334,1.0,0.9583333333333334,0.9583333333333334,0.9166666666666666,0.9,0.85,1.0,1.0,1.0,0.9583333333333334,1.0,0.9583333333333334,0.9615384615384616,0.9615384615384616,0.9166666666666666,0.875,0.9090909090909091,1.0,0.9615384615384616,1.0,0.9615384615384616,1.0,0.9583333333333334,1.0,0.9583333333333334
о,0.375,0.25,0.25,0.125,0.375,0.25,0.125,0.25,0.0,0.25,0.375,0.9090909090909091,0.8636363636363636,0.9615384615384616,1.0,0.9615384615384616,1.0,0.9583333333333334,1.0,0.96,1.0,0.9166666666666666,0.9583333333333334,0.9615384615384616,1.0,0.9615384615384616,1.0,0.9583333333333334,1.0,0.9583333333333334,1.0,0.9166666666666666,0.9583333333333334,0.85,0.9,0.9615384615384616,0.9615384615384616,0.9583333333333334,1.0,0.9583333333333334,1.0,1.0,1.0,0.875,0.9166666666666666,0.9545454545454546,0.9615384615384616,1.0,0.9615384615384616,1.0,0.9583333333333334,1.0,0.9583333333333334,0.9166666666666666
ъ,0.375,0.25,0.25,0.125,0.375,0.25,0.375,0.5,0.25,0.0,0.125,0.9090909090909091,0.8636363636363636,0.9615384615384616,1.0,0.9615384615384616,1.0,0.9583333333333334,1.0,0.96,1.0,0.9166666666666666,0.9583333333333334,0.9615384615384616,1.0,0.9615384615384616,1.0,0.9583333333333334,1.0,0.9583333333333334,1.0,0.9166666666666666,0.9583333333333334,0.85,0.9,0.9615384615384616,0.9615384615384616,0.9583333333333334,1.0,0.9583333333333334,1.0,1.0,1.0,0.875,0.9166666666666666,0.9545454545454546,0.9615384615384616,1.0,0.9615384615384616,1.0,0.9583333333333334,1.0,0.9583333333333334,0.9166666666666666
ь,0.25,0.375,0.125,0.25,0.25,0.375,0.5,0.375,0.375,0.125,0.0,0.8636363636363636,0.9090909090909091,1.0,0.9615384615384616,1.0,0.9615384615384616,1.0,0.9583333333333334,1.0,0.96,0.9583333333333334,0.9166666666666666,1.0,0.9615384615384616,1.0,0.9615384615384616,1.0,0.9583333333333334,1.0,0.9583333333333334,0.9583333333333334,0.9166666666666666,0.9,0.85,1.0,1.0,1.0,0.9583333333333334,1.0,0.9583333333333334,0.9615384615384616,0.9615384615384616,0.9166666666666666,0.875,0.9090909090909091,1.0,0.9615384615384616,1.0,0.9615384615384616,1.0,0.9583333333333334,1.0,0.9583333333333334
ṷ,0.8636363636363636,0.9090909090909091,0.8636363636363636,0.9090909090909091,0.8636363636363636,0.9090909090909091,0.9090909090909091,0.8636363636363636,0.9090909090909091,0.9090909090909091,0.8636363636363636,0.0,0.2222222222222222,0.6923076923076923,0.6153846153846154,0.6923076923076923,0.6153846153846154,0.5454545454545454,0.4545454545454546,0.6666666666666667,0.5833333333333333,0.6363636363636364,0.5454545454545454,0.7692307692307692,0.6923076923076923,0.7692307692307692,0.6923076923076923,0.6363636363636364,0.5454545454545454,0.6363636363636364,0.5454545454545454,0.7272727272727273,0.6363636363636364,0.8,0.7,0.7692307692307692,0.7692307692307692,0.5454545454545454,0.4545454545454546,0.5454545454545454,0.4545454545454546,0.6153846153846154,0.6153846153846154,0.6363636363636364,0.5454545454545454,0.11111111111111116,0.6153846153846154,0.5384615384615384,0.6153846153846154,0.5384615384615384,0.4545454545454546,0.36363636363636365,0.4545454545454546,0.5454545454545454
ў,0.9090909090909091,0.8636363636363636,0.9090909090909091,0.8636363636363636,0.9090909090909091,0.8636363636363636,0.8636363636363636,0.9090909090909091,0.8636363636363636,0.8636363636363636,0.9090909090909091,0.2222222222222222,0.0,0.5384615384615384,0.6153846153846154,0.5384615384615384,0.6153846153846154,0.36363636363636365,0.4545454545454546,0.5,0.5833333333333333,0.4545454545454546,0.5454545454545454,0.6153846153846154,0.6923076923076923,0.6153846153846154,0.6923076923076923,0.4545454545454546,0.5454545454545454,0.4545454545454546,0.5454545454545454,0.5454545454545454,0.6363636363636364,0.6,0.7,0.6153846153846154,0.6153846153846154,0.5454545454545454,0.6363636363636364,0.5454545454545454,0.6363636363636364,0.7692307692307692,0.7692307692307692,0.6363636363636364,0.7272727272727273,0.33333333333333337,0.6153846153846154,0.6923076923076923,0.6153846153846154,0.6923076923076923,0.4545454545454546,0.5454545454545454,0.4545454545454546,0.5454545454545454
п,1.0,0.9615384615384616,1.0,0.9615384615384616,1.0,0.9615384615384616,0.9615384615384616,1.0,0.9615384615384616,0.9615384615384616,1.0,0.6923076923076923,0.5384615384615384,0.0,0.09090909090909094,0.09090909090909094,0.18181818181818177,0.25,0.33333333333333337,0.46153846153846156,0.5384615384615384,0.33333333333333337,0.41666666666666663,0.09090909090909094,0.18181818181818177,0.18181818181818177,0.2727272727272727,0.33333333333333337,0.41666666666666663,0.41666666666666663,0.5,0.41666666666666663,0.5,0.7142857142857143,0.7857142857142857,0.18181818181818177,0.2727272727272727,0.41666666666666663,0.5,0.5,0.5833333333333333,0.36363636363636365,0.4545454545454546,0.5,0.5833333333333333,0.6153846153846154,0.09090909090909094,0.18181818181818177,0.18181818181818177,0.2727272727272727,0.33333333333333337,0.41666666666666663,0.41666666666666663,0.41666666666666663
п’,0.9615384615384616,1.0,0.9615384615384616,1.0,0.9615384615384616,1.0,1.0,0.9615384615384616,1.0,1.0,0.9615384615384616,0.6153846153846154,0.6153846153846154,0.09090909090909094,0.0,0.18181818181818177,0.09090909090909094,0.33333333333333337,0.25,0.5384615384615384,0.46153846153846156,0.41666666666666663,0.33333333333333337,0.18181818181818177,0.09090909090909094,0.2727272727272727,0.18181818181818177,0.41666666666666663,0.33333333333333337,0.5,0.41666666666666663,0.5,0.41666666666666663,0.7857142857142857,0.7142857142857143,0.2727272727272727,0.36363636363636365,0.5,0.41666666666666663,0.5833333333333333,0.5,0.2727272727272727,0.36363636363636365,0.5833333333333333,0.5,0.5384615384615384,0.18181818181818177,0.09090909090909094,0.2727272727272727,0.18181818181818177,0.41666666666666663,0.33333333333333337,0.5,0.5
б,1.0,0.9615384615384616,1.0,0.9615384615384616,1.0,0.9615384615384616,0.9615384615384616,1.0,0.9615384615384616,0.9615384615384616,1.0,0.6923076923076923,0.5384615384615384,0.09090909090909094,0.18181818181818177,0.0,0.09090909090909094,0.33333333333333337,0.41666666666666663,0.3846153846153846,0.46153846153846156,0.33333333333333337,0.41666666666666663,0.18181818181818177,0.2727272727272727,0.09090909090909094,0.18181818181818177,0.41666666666666663,0.5,0.33333333333333337,0.41666666666666663,0.41666666666666663,0.5,0.7142857142857143,0.7857142857142857,0.2727272727272727,0.18181818181818177,0.5,0.5833333333333333,0.41666666666666663,0.5,0.4545454545454546,0.36363636363636365,0.5,0.5833333333333333,0.6153846153846154,0.18181818181818177,0.2727272727272727,0.09090909090909094,0.18181818181818177,0.41666666666666663,0.5,0.33333333333333337,0.41666666666666663
б’,0.9615384615384616,1.0,0.9615384615384616,1.0,0.9615384615384616,1.0,1.0,0.9615384615384616,1.0,1.0,0.9615384615384616,0.6153846153846154,0.6153846153846154,0.18181818181818177,0.09090909090909094,0.09090909090909094,0.0,0.41666666666666663,0.33333333333333337,0.46153846153846156,0.3846153846153846,0.41666666666666663,0.33333333333333337,0.2727272727272727,0.18181818181818177,0.18181818181818177,0.09090909090909094,0.5,0.41666666666666663,0.41666666666666663,0.33333333333333337,0.5,0.41666666666666663,0.7857142857142857,0.7142857142857143,0.36363636363636365,0.2727272727272727,0.5833333333333333,0.5,0.5,0.41666666666666663,0.36363636363636365,0.2727272727272727,0.5833333333333333,0.5,0.5384615384615384,0.2727272727272727,0.18181818181818177,0.18181818181818177,0.09090909090909094,0.5,0.41666666666666663,0.41666666666666663,0.5
ф,1.0,0.9583333333333334,1.0,0.9583333333333334,1.0,0.9583333333333334,0.9583333333333334,1.0,0.9583333333333334,0.9583333333333334,1.0,0.5454545454545454,0.36363636363636365,0.25,0.33333333333333337,0.33333333333333337,0.41666666666666663,0.0,0.09999999999999998,0.2727272727272727,0.36363636363636365,0.5384615384615384,0.6153846153846154,0.33333333333333337,0.41666666666666663,0.41666666666666663,0.5,0.09999999999999998,0.19999999999999996,0.19999999999999996,0.30000000000000004,0.6153846153846154,0.6923076923076923,0.6666666666666667,0.75,0.33333333333333337,0.41666666666666663,0.19999999999999996,0.30000000000000004,0.30000000000000004,0.4,0.5,0.5833333333333333,0.6923076923076923,0.7692307692307692,0.4545454545454546,0.33333333333333337,0.41666666666666663,0.41666666666666663,0.5,0.09999999999999998,0.19999999999999996,0.19999999999999996,0.6153846153846154
ф’,0.9583333333333334,1.0,0.9583333333333334,1.0,0.9583333333333334,1.0,1.0,0.9583333333333334,1.0,1.0,0.9583333333333334,0.4545454545454546,0.4545454545454546,0.33333333333333337,0.25,0.41666666666666663,0.33333333333333337,0.09999999999999998,0.0,0.36363636363636365,0.2727272727272727,0.6153846153846154,0.5384615384615384,0.41666666666666663,0.33333333333333337,0.5,0.41666666666666663,0.19999999999999996,0.09999999999999998,0.30000000000000004,0.19999999999999996,0.6923076923076923,0.6153846153846154,0.75,0.6666666666666667,0.41666666666666663,0.5,0.30000000000000004,0.19999999999999996,0.4,0.30000000000000004,0.41666666666666663,0.5,0.7692307692307692,0.6923076923076923,0.36363636363636365,0.41666666666666663,0.33333333333333337,0.5,0.41666666666666663,0.19999999999999996,0.09999999999999998,0.30000000000000004,0.6923076923076923
в,1.0,0.96,1.0,0.96,1.0,0.96,0.96,1.0,0.96,0.96,1.0,0.6666666666666667,0.5,0.46153846153846156,0.5384615384615384,0.3846153846153846,0.46153846153846156,0.2727272727272727,0.36363636363636365,0.0,0.11111111111111116,0.6428571428571428,0.7142857142857143,0.5384615384615384,0.6153846153846154,0.46153846153846156,0.5384615384615384,0.36363636363636365,0.4545454545454546,0.2727272727272727,0.36363636363636365,0.7142857142857143,0.7857142857142857,0.6923076923076923,0.7692307692307692,0.5384615384615384,0.46153846153846156,0.4545454545454546,0.5454545454545454,0.36363636363636365,0.4545454545454546,0.6923076923076923,0.6153846153846154,0.7142857142857143,0.7857142857142857,0.5833333333333333,0.5384615384615384,0.6153846153846154,0.46153846153846156,0.5384615384615384,0.36363636363636365,0.4545454545454546,0.2727272727272727,0.7142857142857143
в’,0.96,1.0,0.96,1.0,0.96,1.0,1.0,0.96,1.0,1.0,0.96,0.5833333333333333,0.5833333333333333,0.5384615384615384,0.46153846153846156,0.46153846153846156,0.3846153846153846,0.36363636363636365,0.2727272727272727,0.11111111111111116,0.0,0.7142857142857143,0.6428571428571428,0.6153846153846154,0.5384615384615384,0.5384615384615384,0.46153846153846156,0.4545454545454546,0.36363636363636365,0.36363636363636365,0.2727272727272727,0.7857142857142857,0.7142857142857143,0.7692307692307692,0.6923076923076923,0.6153846153846154,0.5384615384615384,0.5454545454545454,0.4545454545454546,0.4545454545454546,0.36363636363636365,0.6153846153846154,0.5384615384615384,0.7857142857142857,0.7142857142857143,0.5,0.6153846153846154,0.5384615384615384,0.5384615384615384,0.46153846153846156,0.4545454545454546,0.36363636363636365,0.36363636363636365,0.7857142857142857
м,0.9583333333333334,0.9166666666666666,0.9583333333333334,0.9166666666666666,0.9583333333333334,0.9166666666666666,0.9166666666666666,0.9583333333333334,0.9166666666666666,0.9166666666666666,0.9583333333333334,0.6363636363636364,0.4545454545454546,0.33333333333333337,0.41666666666666663,0.33333333333333337,0.41666666666666663,0.5384615384615384,0.6153846153846154,0.6428571428571428,0.7142857142857143,0.0,0.09999999999999998,0.41666666666666663,0.5,0.41666666666666663,0.5,0.6153846153846154,0.6923076923076923,0.6153846153846154,0.6923076923076923,0.09999999999999998,0.19999999999999996,0.6666666666666667,0.75,0.5,0.5,0.6923076923076923,0.7692307692307692,0.6923076923076923,0.7692307692307692,0.6666666666666667,0.6666666666666667,0.4,0.5,0.5454545454545454,0.41666666666666663,0.5,0.41666666666666663,0.5,0.6153846153846154,0.6923076923076923,0.6153846153846154,0.09999999999999998
м’,0.9166666666666666,0.9583333333333334,0.9166666666666666,0.9583333333333334,0.9166666666666666,0.9583333333333334,0.9583333333333334,0.9166666666666666,0.9583333333333334,0.9583333333333334,0.9166666666666666,0.5454545454545454,0.5454545454545454,0.41666666666666663,0.33333333333333337,0.41666666666666663,0.33333333333333337,0.6153846153846154,0.5384615384615384,0.7142857142857143,0.6428571428571428,0.09999999999999998,0.0,0.5,0.41666666666666663,0.5,0.41666666666666663,0.6923076923076923,0.6153846153846154,0.6923076923076923,0.6153846153846154,0.19999999999999996,0.09999999999999998,0.75,0.6666666666666667,0.5833333333333333,0.5833333333333333,0.7692307692307692,0.6923076923076923,0.7692307692307692,0.6923076923076923,0.5833333333333333,0.5833333333333333,0.5,0.4,0.4545454545454546,0.5,0.41666666666666663,0.5,0.41666666666666663,0.6923076923076923,0.6153846153846154,0.6923076923076923,0.19999999999999996
т,1.0,0.9615384615384616,1.0,0.9615384615384616,1.0,0.9615384615384616,0.9615384615384616,1.0,0.9615384615384616,0.9615384615384616,1.0,0.7692307692307692,0.6153846153846154,0.09090909090909094,0.18181818181818177,0.18181818181818177,0.2727272727272727,0.33333333333333337,0.41666666666666663,0.5384615384615384,0.6153846153846154,0.41666666666666663,0.5,0.0,0.09090909090909094,0.09090909090909094,0.18181818181818177,0.25,0.33333333333333337,0.33333333333333337,0.41666666666666663,0.33333333333333337,0.41666666666666663,0.6428571428571428,0.7142857142857143,0.09090909090909094,0.18181818181818177,0.33333333333333337,0.41666666666666663,0.41666666666666663,0.5,0.2727272727272727,0.36363636363636365,0.41666666666666663,0.5,0.6923076923076923,0.18181818181818177,0.2727272727272727,0.2727272727272727,0.36363636363636365,0.41666666666666663,0.5,0.5,0.5
т’,0.9615384615384616,1.0,0.9615384615384616,1.0,0.9615384615384616,1.0,1.0,0.9615384615384616,1.0,1.0,0.9615384615384616,0.6923076923076923,0.6923076923076923,0.18181818181818177,0.09090909090909094,0.2727272727272727,0.18181818181818177,0.41666666666666663,0.33333333333333337,0.6153846153846154,0.5384615384615384,0.5,0.41666666666666663,0.09090909090909094,0.0,0.18181818181818177,0.09090909090909094,0.33333333333333337,0.25,0.41666666666666663,0.33333333333333337,0.41666666666666663,0.33333333333333337,0.7142857142857143,0.6428571428571428,0.18181818181818177,0.2727272727272727,0.41666666666666663,0.33333333333333337,0.5,0.41666666666666663,0.18181818181818177,0.2727272727272727,0.5,0.41666666666666663,0.6153846153846154,0.2727272727272727,0.18181818181818177,0.36363636363636365,0.2727272727272727,0.5,0.41666666666666663,0.5833333333333333,0.5833333333333333
д,1.0,0.9615384615384616,1.0,0.9615384615384616,1.0,0.9615384615384616,0.9615384615384616,1.0,0.9615384615384616,0.9615384615384616,1.0,0.7692307692307692,0.6153846153846154,0.18181818181818177,0.2727272727272727,0.09090909090909094,0.18181818181818177,0.41666666666666663,0.5,0.46153846153846156,0.5384615384615384,0.41666666666666663,0.5,0.09090909090909094,0.18181818181818177,0.0,0.09090909090909094,0.33333333333333337,0.41666666666666663,0.25,0.33333333333333337,0.33333333333333337,0.41666666666666663,0.6428571428571428,0.7142857142857143,0.18181818181818177,0.09090909090909094,0.41666666666666663,0.5,0.33333333333333337,0.41666666666666663,0.36363636363636365,0.2727272727272727,0.41666666666666663,0.5,0.6923076923076923,0.2727272727272727,0.36363636363636365,0.18181818181818177,0.2727272727272727,0.5,0.5833333333333333,0.41666666666666663,0.5
д’,0.9615384615384616,1.0,0.9615384615384616,1.0,0.9615384615384616,1.0,1.0,0.9615384615384616,1.0,1.0,0.9615384615384616,0.6923076923076923,0.6923076923076923,0.2727272727272727,0.18181818181818177,0.18181818181818177,0.09090909090909094,0.5,0.41666666666666663,0.5384615384615384,0.46153846153846156,0.5,0.41666666666666663,0.18181818181818177,0.09090909090909094,0.09090909090909094,0.0,0.41666666666666663,0.33333333333333337,0.33333333333333337,0.25,0.41666666666666663,0.33333333333333337,0.7142857142857143,0.6428571428571428,0.2727272727272727,0.18181818181818177,0.5,0.41666666666666663,0.41666666666666663,0.33333333333333337,0.2727272727272727,0.18181818181818177,0.5,0.41666666666666663,0.6153846153846154,0.36363636363636365,0.2727272727272727,0.2727272727272727,0.18181818181818177,0.5833333333333333,0.5,0.5,0.5833333333333333
с,1.0,0.9583333333333334,1.0,0.9583333333333334,1.0,0.9583333333333334,0.9583333333333334,1.0,0.9583333333333334,0.9583333333333334,1.0,0.6363636363636364,0.4545454545454546,0.33333333333333337,0.41666666666666663,0.41666666666666663,0.5,0.09999999999999998,0.19999999999999996,0.36363636363636365,0.4545454545454546,0.6153846153846154,0.6923076923076923,0.25,0.33333333333333337,0.33333333333333337,0.41666666666666663,0.0,0.09999999999999998,0.09999999999999998,0.19999999999999996,0.5384615384615384,0.6153846153846154,0.5833333333333333,0.6666666666666667,0.25,0.33333333333333337,0.09999999999999998,0.19999999999999996,0.19999999999999996,0.30000000000000004,0.41666666666666663,0.5,0.6153846153846154,0.6923076923076923,0.5454545454545454,0.41666666666666663,0.5,0.5,0.5833333333333333,0.19999999999999996,0.30000000000000004,0.30000000000000004,0.6923076923076923
с’,0.9583333333333334,1.0,0.9583333333333334,1.0,0.9583333333333334,1.0,1.0,0.9583333333333334,1.0,1.0,0.9583333333333334,0.5454545454545454,0.5454545454545454,0.41666666666666663,0.33333333333333337,0.5,0.41666666666666663,0.19999999999999996,0.09999999999999998,0.4545454545454546,0.36363636363636365,0.6923076923076923,0.6153846153846154,0.33333333333333337,0.25,0.41666666666666663,0.33333333333333337,0.09999999999999998,0.0,0.19999999999999996,0.09999999999999998,0.6153846153846154,0.5384615384615384,0.6666666666666667,0.5833333333333333,0.33333333333333337,0.41666666666666663,0.19999999999999996,0.09999999999999998,0.30000000000000004,0.19999999999999996,0.33333333333333337,0.41666666666666663,0.6923076923076923,0.6153846153846154,0.4545454545454546,0.5,0.41666666666666663,0.5833333333333333,0.5,0.30000000000000004,0.19999999999999996,0.4,0.7692307692307692
з,1.0,0.9583333333333334,1.0,0.9583333333333334,1.0,0.9583333333333334,0.9583333333333334,1.0,0.9583333333333334,0.9583333333333334,1.0,0.6363636363636364,0.4545454545454546,0.41666666666666663,0.5,0.33333333333333337,0.41666666666666663,0.19999999999999996,0.30000000000000004,0.2727272727272727,0.36363636363636365,0.6153846153846154,0.6923076923076923,0.33333333333333337,0.41666666666666663,0.25,0.33333333333333337,0.09999999999999998,0.19999999999999996,0.0,0.09999999999999998,0.5384615384615384,0.6153846153846154,0.5833333333333333,0.6666666666666667,0.33333333333333337,0.25,0.19999999999999996,0.30000000000000004,0.09999999999999998,0.19999999999999996,0.5,0.41666666666666663,0.6153846153846154,0.6923076923076923,0.5454545454545454,0.5,0.5833333333333333,0.41666666666666663,0.5,0.30000000000000004,0.4,0.19999999999999996,0.6923076923076923
з’,0.9583333333333334,1.0,0.9583333333333334,1.0,0.9583333333333334,1.0,1.0,0.9583333333333334,1.0,1.0,0.9583333333333334,0.5454545454545454,0.5454545454545454,0.5,0.41666666666666663,0.41666666666666663,0.33333333333333337,0.30000000000000004,0.19999999999999996,0.36363636363636365,0.2727272727272727,0.6923076923076923,0.6153846153846154,0.41666666666666663,0.33333333333333337,0.33333333333333337,0.25,0.19999999999999996,0.09999999999999998,0.09999999999999998,0.0,0.6153846153846154,0.5384615384615384,0.6666666666666667,0.5833333333333333,0.41666666666666663,0.33333333333333337,0.30000000000000004,0.19999999999999996,0.19999999999999996,0.09999999999999998,0.41666666666666663,0.33333333333333337,0.6923076923076923,0.6153846153846154,0.4545454545454546,0.5833333333333333,0.5,0.5,0.41666666666666663,0.4,0.30000000000000004,0.30000000000000004,0.7692307692307692
н,0.9583333333333334,0.9166666666666666,0.9583333333333334,0.9166666666666666,0.9583333333333334,0.9166666666666666,0.9166666666666666,0.9583333333333334,0.9166666666666666,0.9166666666666666,0.9583333333333334,0.7272727272727273,0.5454545454545454,0.41666666666666663,0.5,0.41666666666666663,0.5,0.6153846153846154,0.6923076923076923,0.7142857142857143,0.7857142857142857,0.09999999999999998,0.19999999999999996,0.33333333333333337,0.41666666666666663,0.33333333333333337,0.41666666666666663,0.5384615384615384,0.6153846153846154,0.5384615384615384,0.6153846153846154,0.0,0.09999999999999998,0.5833333333333333,0.6666666666666667,0.41666666666666663,0.41666666666666663,0.6153846153846154,0.6923076923076923,0.6153846153846154,0.6923076923076923,0.5833333333333333,0.5833333333333333,0.30000000000000004,0.4,0.6363636363636364,0.5,0.5833333333333333,0.5,0.5833333333333333,0.6923076923076923,0.7692307692307692,0.6923076923076923,0.19999999999999996
н’,0.9166666666666666,0.9583333333333334,0.9166666666666666,0.9583333333333334,0.9166666666666666,0.9583333333333334,0.9583333333333334,0.9166666666666666,0.9583333333333334,0.9583333333333334,0.9166666666666666,0.6363636363636364,0.6363636363636364,0.5,0.41666666666666663,0.5,0.41666666666666663,0.6923076923076923,0.6153846153846154,0.7857142857142857,0.7142857142857143,0.19999999999999996,0.09999999999999998,0.41666666666666663,0.33333333333333337,0.41666666666666663,0.33333333333333337,0.6153846153846154,0.5384615384615384,0.6153846153846154,0.5384615384615384,0.09999999999999998,0.0,0.6666666666666667,0.5833333333333333,0.5,0.5,0.6923076923076923,0.6153846153846154,0.6923076923076923,0.6153846153846154,0.5,0.5,0.4,0.30000000000000004,0.5454545454545454,0.5833333333333333,0.5,0.5833333333333333,0.5,0.7692307692307692,0.6923076923076923,0.7692307692307692,0.30000000000000004
л,0.9,0.85,0.9,0.85,0.9,0.85,0.85,0.9,0.85,0.85,0.9,0.8,0.6,0.7142857142857143,0.7857142857142857,0.7142857142857143,0.7857142857142857,0.6666666666666667,0.75,0.6923076923076923,0.7692307692307692,0.6666666666666667,0.75,0.6428571428571428,0.7142857142857143,0.6428571428571428,0.7142857142857143,0.5833333333333333,0.6666666666666667,0.5833333333333333,0.6666666666666667,0.5833333333333333,0.6666666666666667,0.0,0.125,0.6428571428571428,0.6428571428571428,0.6666666666666667,0.75,0.6666666666666667,0.75,0.7857142857142857,0.7857142857142857,0.5,0.5833333333333333,0.7,0.7857142857142857,0.8571428571428572,0.7857142857142857,0.8571428571428572,0.75,0.8333333333333334,0.75,0.75
л’,0.85,0.9,0.85,0.9,0.85,0.9,0.9,0.85,0.9,0.9,0.85,0.7,0.7,0.7857142857142857,0.7142857142857143,0.7857142857142857,0.7142857142857143,0.75,0.6666666666666667,0.7692307692307692,0.6923076923076923,0.75,0.6666666666666667,0.7142857142857143,0.6428571428571428,0.7142857142857143,0.6428571428571428,0.6666666666666667,0.5833333333333333,0.6666666666666667,0.5833333333333333,0.6666666666666667,0.5833333333333333,0.125,0.0,0.7142857142857143,0.7142857142857143,0.75,0.6666666666666667,0.75,0.6666666666666667,0.7142857142857143,0.7142857142857143,0.5833333333333333,0.5,0.6,0.8571428571428572,0.7857142857142857,0.8571428571428572,0.7857142857142857,0.8333333333333334,0.75,0.8333333333333334,0.8333333333333334
ц,1.0,0.9615384615384616,1.0,0.9615384615384616,1.0,0.9615384615384616,0.9615384615384616,1.0,0.9615384615384616,0.9615384615384616,1.0,0.7692307692307692,0.6153846153846154,0.18181818181818177,0.2727272727272727,0.2727272727272727,0.36363636363636365,0.33333333333333337,0.41666666666666663,0.5384615384615384,0.6153846153846154,0.5,0.5833333333333333,0.09090909090909094,0.18181818181818177,0.18181818181818177,0.2727272727272727,0.25,0.33333333333333337,0.33333333333333337,0.41666666666666663,0.41666666666666663,0.5,0.6428571428571428,0.7142857142857143,0.0,0.09090909090909094,0.33333333333333337,0.41666666666666663,0.41666666666666663,0.5,0.18181818181818177,0.2727272727272727,0.5,0.5833333333333333,0.6923076923076923,0.2727272727272727,0.36363636363636365,0.36363636363636365,0.4545454545454546,0.41666666666666663,0.5,0.5,0.5833333333333333
дз,1.0,0.9615384615384616,1.0,0.9615384615384616,1.0,0.9615384615384616,0.9615384615384616,1.0,0.9615384615384616,0.9615384615384616,1.0,0.7692307692307692,0.6153846153846154,0.2727272727272727,0.36363636363636365,0.18181818181818177,0.2727272727272727,0.41666666666666663,0.5,0.46153846153846156,0.5384615384615384,0.5,0.5833333333333333,0.18181818181818177,0.2727272727272727,0.09090909090909094,0.18181818181818177,0.33333333333333337,0.41666666666666663,0.25,0.33333333333333337,0.41666666666666663,0.5,0.6428571428571428,0.7142857142857143,0.09090909090909094,0.0,0.41666666666666663,0.5,0.33333333333333337,0.41666666666666663,0.2727272727272727,0.18181818181818177,0.5,0.5833333333333333,0.6923076923076923,0.36363636363636365,0.4545454545454546,0.2727272727272727,0.36363636363636365,0.5,0.5833333333333333,0.41666666666666663,0.5833333333333333
ш,1.0,0.9583333333333334,1.0,0.9583333333333334,1.0,0.9583333333333334,0.9583333333333334,1.0,0.9583333333333334,0.9583333333333334,1.0,0.5454545454545454,0.5454545454545454,0.41666666666666663,0.5,0.5,0.5833333333333333,0.19999999999999996,0.30000000000000004,0.4545454545454546,0.5454545454545454,0.6923076923076923,0.7692307692307692,0.33333333333333337,0.41666666666666663,0.41666666666666663,0.5,0.09999999999999998,0.19999999999999996,0.19999999999999996,0.30000000000000004,0.6153846153846154,0.6923076923076923,0.6666666666666667,0.75,0.33333333333333337,0.41666666666666663,0.0,0.09999999999999998,0.09999999999999998,0.19999999999999996,0.33333333333333337,0.41666666666666663,0.5384615384615384,0.6153846153846154,0.4545454545454546,0.33333333333333337,0.41666666666666663,0.41666666666666663,0.5,0.09999999999999998,0.19999999999999996,0.19999999999999996,0.6153846153846154
ш’,0.9583333333333334,1.0,0.9583333333333334,1.0,0.9583333333333334,1.0,1.0,0.9583333333333334,1.0,1.0,0.9583333333333334,0.4545454545454546,0.6363636363636364,0.5,0.41666666666666663,0.5833333333333333,0.5,0.30000000000000004,0.19999999999999996,0.5454545454545454,0.4545454545454546,0.7692307692307692,0.6923076923076923,0.41666666666666663,0.33333333333333337,0.5,0.41666666666666663,0.19999999999999996,0.09999999999999998,0.30000000000000004,0.19999999999999996,0.6923076923076923,0.6153846153846154,0.75,0.6666666666666667,0.41666666666666663,0.5,0.09999999999999998,0.0,0.19999999999999996,0.09999999999999998,0.25,0.33333333333333337,0.6153846153846154,0.5384615384615384,0.36363636363636365,0.41666666666666663,0.33333333333333337,0.5,0.41666666666666663,0.19999999999999996,0.09999999999999998,0.30000000000000004,0.6923076923076923
ж,1.0,0.9583333333333334,1.0,0.9583333333333334,1.0,0.9583333333333334,0.9583333333333334,1.0,0.9583333333333334,0.9583333333333334,1.0,0.5454545454545454,0.5454545454545454,0.5,0.5833333333333333,0.41666666666666663,0.5,0.30000000000000004,0.4,0.36363636363636365,0.4545454545454546,0.6923076923076923,0.7692307692307692,0.41666666666666663,0.5,0.33333333333333337,0.41666666666666663,0.19999999999999996,0.30000000000000004,0.09999999999999998,0.19999999999999996,0.6153846153846154,0.6923076923076923,0.6666666666666667,0.75,0.41666666666666663,0.33333333333333337,0.09999999999999998,0.19999999999999996,0.0,0.09999999999999998,0.41666666666666663,0.33333333333333337,0.5384615384615384,0.6153846153846154,0.4545454545454546,0.41666666666666663,0.5,0.33333333333333337,0.41666666666666663,0.19999999999999996,0.30000000000000004,0.09999999999999998,0.6153846153846154
ж’,0.9583333333333334,1.0,0.9583333333333334,1.0,0.9583333333333334,1.0,1.0,0.9583333333333334,1.0,1.0,0.9583333333333334,0.4545454545454546,0.6363636363636364,0.5833333333333333,0.5,0.5,0.41666666666666663,0.4,0.30000000000000004,0.4545454545454546,0.36363636363636365,0.7692307692307692,0.6923076923076923,0.5,0.41666666666666663,0.41666666666666663,0.33333333333333337,0.30000000000000004,0.19999999999999996,0.19999999999999996,0.09999999999999998,0.6923076923076923,0.6153846153846154,0.75,0.6666666666666667,0.5,0.41666666666666663,0.19999999999999996,0.09999999999999998,0.09999999999999998,0.0,0.33333333333333337,0.25,0.6153846153846154,0.5384615384615384,0.36363636363636365,0.5,0.41666666666666663,0.41666666666666663,0.33333333333333337,0.30000000000000004,0.19999999999999996,0.19999999999999996,0.6923076923076923
ч’,0.9615384615384616,1.0,0.9615384615384616,1.0,0.9615384615384616,1.0,1.0,0.9615384615384616,1.0,1.0,0.9615384615384616,0.6153846153846154,0.7692307692307692,0.36363636363636365,0.2727272727272727,0.4545454545454546,0.36363636363636365,0.5,0.41666666666666663,0.6923076923076923,0.6153846153846154,0.6666666666666667,0.5833333333333333,0.2727272727272727,0.18181818181818177,0.36363636363636365,0.2727272727272727,0.41666666666666663,0.33333333333333337,0.5,0.41666666666666663,0.5833333333333333,0.5,0.7857142857142857,0.7142857142857143,0.18181818181818177,0.2727272727272727,0.33333333333333337,0.25,0.41666666666666663,0.33333333333333337,0.0,0.09090909090909094,0.5,0.41666666666666663,0.5384615384615384,0.2727272727272727,0.18181818181818177,0.36363636363636365,0.2727272727272727,0.41666666666666663,0.33333333333333337,0.5,0.5833333333333333
дж’,0.9615384615384616,1.0,0.9615384615384616,1.0,0.9615384615384616,1.0,1.0,0.9615384615384616,1.0,1.0,0.9615384615384616,0.6153846153846154,0.7692307692307692,0.4545454545454546,0.36363636363636365,0.36363636363636365,0.2727272727272727,0.5833333333333333,0.5,0.6153846153846154,0.5384615384615384,0.6666666666666667,0.5833333333333333,0.36363636363636365,0.2727272727272727,0.2727272727272727,0.18181818181818177,0.5,0.41666666666666663,0.41666666666666663,0.33333333333333337,0.5833333333333333,0.5,0.7857142857142857,0.7142857142857143,0.2727272727272727,0.18181818181818177,0.41666666666666663,0.33333333333333337,0.33333333333333337,0.25,0.09090909090909094,0.0,0.5,0.41666666666666663,0.5384615384615384,0.36363636363636365,0.2727272727272727,0.2727272727272727,0.18181818181818177,0.5,0.41666666666666663,0.41666666666666663,0.5833333333333333
р,0.9166666666666666,0.875,0.9166666666666666,0.875,0.9166666666666666,0.875,0.875,0.9166666666666666,0.875,0.875,0.9166666666666666,0.6363636363636364,0.6363636363636364,0.5,0.5833333333333333,0.5,0.5833333333333333,0.6923076923076923,0.7692307692307692,0.7142857142857143,0.7857142857142857,0.4,0.5,0.41666666666666663,0.5,0.41666666666666663,0.5,0.6153846153846154,0.6923076923076923,0.6153846153846154,0.6923076923076923,0.30000000000000004,0.4,0.5,0.5833333333333333,0.5,0.5,0.5384615384615384,0.6153846153846154,0.5384615384615384,0.6153846153846154,0.5,0.5,0.0,0.09999999999999998,0.5454545454545454,0.41666666666666663,0.5,0.41666666666666663,0.5,0.6153846153846154,0.6923076923076923,0.6153846153846154,0.30000000000000004
р’,0.875,0.9166666666666666,0.875,0.9166666666666666,0.875,0.9166666666666666,0.9166666666666666,0.875,0.9166666666666666,0.9166666666666666,0.875,0.5454545454545454,0.7272727272727273,0.5833333333333333,0.5,0.5833333333333333,0.5,0.7692307692307692,0.6923076923076923,0.7857142857142857,0.7142857142857143,0.5,0.4,0.5,0.41666666666666663,0.5,0.41666666666666663,0.6923076923076923,0.6153846153846154,0.6923076923076923,0.6153846153846154,0.4,0.30000000000000004,0.5833333333333333,0.5,0.5833333333333333,0.5833333333333333,0.6153846153846154,0.5384615384615384,0.6153846153846154,0.5384615384615384,0.41666666666666663,0.41666666666666663,0.09999999999999998,0.0,0.4545454545454546,0.5,0.41666666666666663,0.5,0.41666666666666663,0.6923076923076923,0.6153846153846154,0.6923076923076923,0.4
j,0.9090909090909091,0.9545454545454546,0.9090909090909091,0.9545454545454546,0.9090909090909091,0.9545454545454546,0.9545454545454546,0.9090909090909091,0.9545454545454546,0.9545454545454546,0.9090909090909091,0.11111111111111116,0.33333333333333337,0.6153846153846154,0.5384615384615384,0.6153846153846154,0.5384615384615384,0.4545454545454546,0.36363636363636365,0.5833333333333333,0.5,0.5454545454545454,0.4545454545454546,0.6923076923076923,0.6153846153846154,0.6923076923076923,0.6153846153846154,0.5454545454545454,0.4545454545454546,0.5454545454545454,0.4545454545454546,0.6363636363636364,0.5454545454545454,0.7,0.6,0.6923076923076923,0.6923076923076923,0.4545454545454546,0.36363636363636365,0.4545454545454546,0.36363636363636365,0.5384615384615384,0.5384615384615384,0.5454545454545454,0.4545454545454546,0.0,0.5384615384615384,0.46153846153846156,0.5384615384615384,0.46153846153846156,0.36363636363636365,0.2727272727272727,0.36363636363636365,0.4545454545454546
к,1.0,0.9615384615384616,1.0,0.9615384615384616,1.0,0.9615384615384616,0.9615384615384616,1.0,0.9615384615384616,0.9615384615384616,1.0,0.6153846153846154,0.6153846153846154,0.09090909090909094,0.18181818181818177,0.18181818181818177,0.2727272727272727,0.33333333333333337,0.41666666666666663,0.5384615384615384,0.6153846153846154,0.41666666666666663,0.5,0.18181818181818177,0.2727272727272727,0.2727272727272727,0.36363636363636365,0.41666666666666663,0.5,0.5,0.5833333333333333,0.5,0.5833333333333333,0.7857142857142857,0.8571428571428572,0.2727272727272727,0.36363636363636365,0.33333333333333337,0.41666666666666663,0.41666666666666663,0.5,0.2727272727272727,0.36363636363636365,0.41666666666666663,0.5,0.5384615384615384,0.0,0.09090909090909094,0.09090909090909094,0.18181818181818177,0.25,0.33333333333333337,0.33333333333333337,0.33333333333333337
к’,0.9615384615384616,1.0,0.9615384615384616,1.0,0.9615384615384616,1.0,1.0,0.9615384615384616,1.0,1.0,0.9615384615384616,0.5384615384615384,0.6923076923076923,0.18181818181818177,0.09090909090909094,0.2727272727272727,0.18181818181818177,0.41666666666666663,0.33333333333333337,0.6153846153846154,0.5384615384615384,0.5,0.41666666666666663,0.2727272727272727,0.18181818181818177,0.36363636363636365,0.2727272727272727,0.5,0.41666666666666663,0.5833333333333333,0.5,0.5833333333333333,0.5,0.8571428571428572,0.7857142857142857,0.36363636363636365,0.4545454545454546,0.41666666666666663,0.33333333333333337,0.5,0.41666666666666663,0.18181818181818177,0.2727272727272727,0.5,0.41666666666666663,0.46153846153846156,0.09090909090909094,0.0,0.18181818181818177,0.09090909090909094,0.33333333333333337,0.25,0.41666666666666663,0.41666666666666663
г,1.0,0.9615384615384616,1.0,0.9615384615384616,1.0,0.9615384615384616,0.9615384615384616,1.0,0.9615384615384616,0.9615384615384616,1.0,0.6153846153846154,0.6153846153846154,0.18181818181818177,0.2727272727272727,0.09090909090909094,0.18181818181818177,0.41666666666666663,0.5,0.46153846153846156,0.5384615384615384,0.41666666666666663,0.5,0.2727272727272727,0.36363636363636365,0.18181818181818177,0.2727272727272727,0.5,0.5833333333333333,0.41666666666666663,0.5,0.5,0.5833333333333333,0.7857142857142857,0.8571428571428572,0.36363636363636365,0.2727272727272727,0.41666666666666663,0.5,0.33333333333333337,0.41666666666666663,0.36363636363636365,0.2727272727272727,0.41666666666666663,0.5,0.5384615384615384,0.09090909090909094,0.18181818181818177,0.0,0.09090909090909094,0.33333333333333337,0.41666666666666663,0.25,0.33333333333333337
г’,0.9615384615384616,1.0,0.9615384615384616,1.0,0.9615384615384616,1.0,1.0,0.9615384615384616,1.0,1.0,0.9615384615384616,0.5384615384615384,0.6923076923076923,0.2727272727272727,0.18181818181818177,0.18181818181818177,0.09090909090909094,0.5,0.41666666666666663,0.5384615384615384,0.46153846153846156,0.5,0.41666666666666663,0.36363636363636365,0.2727272727272727,0.2727272727272727,0.18181818181818177,0.5833333333333333,0.5,0.5,0.41666666666666663,0.5833333333333333,0.5,0.8571428571428572,0.7857142857142857,0.4545454545454546,0.36363636363636365,0.5,0.41666666666666663,0.41666666666666663,0.33333333333333337,0.2727272727272727,0.18181818181818177,0.5,0.41666666666666663,0.46153846153846156,0.18181818181818177,0.09090909090909094,0.09090909090909094,0.0,0.41666666666666663,0.33333333333333337,0.33333333333333337,0.41666666666666663
х,1.0,0.9583333333333334,1.0,0.9583333333333334,1.0,0.9583333333333334,0.9583333333333334,1.0,0.9583333333333334,0.9583333333333334,1.0,0.4545454545454546,0.4545454545454546,0.33333333333333337,0.41666666666666663,0.41666666666666663,0.5,0.09999999999999998,0.19999999999999996,0.36363636363636365,0.4545454545454546,0.6153846153846154,0.6923076923076923,0.41666666666666663,0.5,0.5,0.5833333333333333,0.19999999999999996,0.30000000000000004,0.30000000000000004,0.4,0.6923076923076923,0.7692307692307692,0.75,0.8333333333333334,0.41666666666666663,0.5,0.09999999999999998,0.19999999999999996,0.19999999999999996,0.30000000000000004,0.41666666666666663,0.5,0.6153846153846154,0.6923076923076923,0.36363636363636365,0.25,0.33333333333333337,0.33333333333333337,0.41666666666666663,0.0,0.09999999999999998,0.09999999999999998,0.5384615384615384
х’,0.9583333333333334,1.0,0.9583333333333334,1.0,0.9583333333333334,1.0,1.0,0.9583333333333334,1.0,1.0,0.9583333333333334,0.36363636363636365,0.5454545454545454,0.41666666666666663,0.33333333333333337,0.5,0.41666666666666663,0.19999999999999996,0.09999999999999998,0.4545454545454546,0.36363636363636365,0.6923076923076923,0.6153846153846154,0.5,0.41666666666666663,0.5833333333333333,0.5,0.30000000000000004,0.19999999999999996,0.4,0.30000000000000004,0.7692307692307692,0.6923076923076923,0.8333333333333334,0.75,0.5,0.5833333333333333,0.19999999999999996,0.09999999999999998,0.30000000000000004,0.19999999999999996,0.33333333333333337,0.41666666666666663,0.6923076923076923,0.6153846153846154,0.2727272727272727,0.33333333333333337,0.25,0.41666666666666663,0.33333333333333337,0.09999999999999998,0.0,0.19999999999999996,0.6153846153846154
ɣ,1.0,0.9583333333333334,1.0,0.9583333333333334,1.0,0.9583333333333334,0.9583333333333334,1.0,0.9583333333333334,0.9583333333333334,1.0,0.4545454545454546,0.4545454545454546,0.41666666666666663,0.5,0.33333333333333337,0.41666666666666663,0.19999999999999996,0.30000000000000004,0.2727272727272727,0.36363636363636365,0.6153846153846154,0.6923076923076923,0.5,0.5833333333333333,0.41666666666666663,0.5,0.30000000000000004,0.4,0.19999999999999996,0.30000000000000004,0.6923076923076923,0.7692307692307692,0.75,0.8333333333333334,0.5,0.41666666666666663,0.19999999999999996,0.30000000000000004,0.09999999999999998,0.19999999999999996,0.5,0.41666666666666663,0.6153846153846154,0.6923076923076923,0.36363636363636365,0.33333333333333337,0.41666666666666663,0.25,0.33333333333333337,0.09999999999999998,0.19999999999999996,0.0,0.5384615384615384
ŋ,0.9583333333333334,0.9166666666666666,0.9583333333333334,0.9166666666666666,0.9583333333333334,0.9166666666666666,0.9166666666666666,0.9583333333333334,0.9166666666666666,0.9166666666666666,0.9583333333333334,0.5454545454545454,0.5454545454545454,0.41666666666666663,0.5,0.41666666666666663,0.5,0.6153846153846154,0.6923076923076923,0.7142857142857143,0.7857142857142857,0.09999999999999998,0.19999999999999996,0.5,0.5833333333333333,0.5,0.5833333333333333,0.6923076923076923,0.7692307692307692,0.6923076923076923,0.7692307692307692,0.19999999999999996,0.30000000000000004,0.75,0.8333333333333334,0.5833333333333333,0.5833333333333333,0.6153846153846154,0.6923076923076923,0.6153846153846154,0.6923076923076923,0.5833333333333333,0.5833333333333333,0.30000000000000004,0.4,0.4545454545454546,0.33333333333333337,0.41666666666666663,0.33333333333333337,0.41666666666666663,0.5384615384615384,0.6153846153846154,0.5384615384615384,0.0
